{
  "config": {
    "n_organizations": 5,
    "global_rounds": 20,
    "local_epochs": 3,
    "learning_rate": 0.001,
    "batch_size": 128,
    "test_size": 0.2,
    "feature_selection_k": 50,
    "model_hidden_dims": [
      256,
      128,
      64
    ],
    "dp_epsilon": 4.0,
    "dp_delta": 1e-05,
    "random_seed": 42,
    "experiment_name": "federated_ids_ctgan_eval"
  },
  "real_only": {
    "final": {
      "accuracy": 0.9732910819375283,
      "precision": 0.9592337917485265,
      "recall": 0.9882602975407347,
      "f1_score": 0.9735307312696276,
      "auc_roc": 0.9932892571602064,
      "true_positives": 9765,
      "true_negatives": 9585,
      "false_positives": 415,
      "false_negatives": 116,
      "specificity": 0.9584999999999041,
      "sensitivity": 0.9882602975406347
    }
  },
  "TRTS": {
    "final": {
      "accuracy": 0.969719833006388,
      "precision": 0.9612287503728004,
      "recall": 0.9785446817123773,
      "f1_score": 0.9698094282848546,
      "auc_roc": 0.9946114209088149,
      "true_positives": 9669,
      "true_negatives": 9610,
      "false_positives": 390,
      "false_negatives": 212,
      "specificity": 0.9609999999999038,
      "sensitivity": 0.9785446817122783
    }
  },
  "TSTR": {
    "final": {
      "accuracy": 0.9010110155424778,
      "precision": 0.8532273904115704,
      "recall": 0.9672097965792936,
      "f1_score": 0.9066502229390001,
      "auc_roc": 0.9662257818034611,
      "true_positives": 9557,
      "true_negatives": 8356,
      "false_positives": 1644,
      "false_negatives": 324,
      "specificity": 0.8355999999999164,
      "sensitivity": 0.9672097965791957
    }
  },
  "duration_seconds": 2269.5,
  "timestamp": "2026-05-22T21:57:02.055939"
}