{
  "config": {
    "n_organizations": 5,
    "global_rounds": 20,
    "local_epochs": 3,
    "learning_rate": 0.001,
    "batch_size": 128,
    "test_size": 0.2,
    "feature_selection_k": 50,
    "model_hidden_dims": [
      256,
      128,
      64
    ],
    "dp_epsilon": 4.0,
    "dp_delta": 1e-05,
    "random_seed": 42,
    "experiment_name": "federated_ids_ctgan_eval"
  },
  "real_only": {
    "final": {
      "accuracy": 0.9701725265328706,
      "precision": 0.9606228922832771,
      "recall": 0.9801639510171035,
      "f1_score": 0.9702950458347944,
      "auc_roc": 0.9933146898087238,
      "true_positives": 9685,
      "true_negatives": 9603,
      "false_positives": 397,
      "false_negatives": 196,
      "specificity": 0.9602999999999039,
      "sensitivity": 0.9801639510170043
    }
  },
  "TRTS": {
    "final": {
      "accuracy": 0.971480307831598,
      "precision": 0.9627384737678856,
      "recall": 0.9805687683432851,
      "f1_score": 0.9715718225119078,
      "auc_roc": 0.9898259437303918,
      "true_positives": 9689,
      "true_negatives": 9625,
      "false_positives": 375,
      "false_negatives": 192,
      "specificity": 0.9624999999999037,
      "sensitivity": 0.9805687683431858
    }
  },
  "TSTR": {
    "final": {
      "accuracy": 0.9300337005180825,
      "precision": 0.9043627357591922,
      "recall": 0.960833923691934,
      "f1_score": 0.9317434614063497,
      "auc_roc": 0.9777540026313126,
      "true_positives": 9494,
      "true_negatives": 8996,
      "false_positives": 1004,
      "false_negatives": 387,
      "specificity": 0.89959999999991,
      "sensitivity": 0.9608339236918367
    }
  },
  "duration_seconds": 3867.0,
  "timestamp": "2026-05-27T10:33:10.552482"
}