{
  "config": {
    "n_organizations": 5,
    "global_rounds": 20,
    "local_epochs": 3,
    "learning_rate": 0.001,
    "batch_size": 128,
    "test_size": 0.2,
    "feature_selection_k": 50,
    "model_hidden_dims": [
      256,
      128,
      64
    ],
    "dp_epsilon": 1.0,
    "dp_delta": 1e-05,
    "random_seed": 42,
    "experiment_name": "federated_ids_ctgan_eval"
  },
  "real_only": {
    "final": {
      "accuracy": 0.9636839193199537,
      "precision": 0.9564437356722815,
      "recall": 0.9711567655095638,
      "f1_score": 0.9637440996284021,
      "auc_roc": 0.9912905019734845,
      "true_positives": 9596,
      "true_negatives": 9563,
      "false_positives": 437,
      "false_negatives": 285,
      "specificity": 0.9562999999999043,
      "sensitivity": 0.9711567655094655
    }
  },
  "TRTS": {
    "final": {
      "accuracy": 0.8723404255319149,
      "precision": 0.8916266666666667,
      "recall": 0.8459670073879162,
      "f1_score": 0.8681969256335688,
      "auc_roc": 0.9605397682420806,
      "true_positives": 8359,
      "true_negatives": 8984,
      "false_positives": 1016,
      "false_negatives": 1522,
      "specificity": 0.8983999999999102,
      "sensitivity": 0.8459670073878306
    }
  },
  "TSTR": {
    "final": {
      "accuracy": 0.9247019767617323,
      "precision": 0.895397094887757,
      "recall": 0.9607327193603886,
      "f1_score": 0.9269150026851536,
      "auc_roc": 0.9663737779576965,
      "true_positives": 9493,
      "true_negatives": 8891,
      "false_positives": 1109,
      "false_negatives": 388,
      "specificity": 0.8890999999999111,
      "sensitivity": 0.9607327193602914
    }
  },
  "duration_seconds": 2214.9,
  "timestamp": "2026-05-28T11:05:24.652014"
}